group,item,candidate,verify_status,qty,unit_low_wan,unit_high_wan,price_basis
視覺,IMX541 級全域快門黑白相機（GigE PoE）,Basler a2A4504-5gmPRO ✅ / The Imaging Source DMK 38GX541-a ✅ / FLIR BFS-PGE-200S7M-C 🟡 / Contrastech iCt90M/CG200A-Pro 🟡；國產替代 Hikrobot MV-CH250-90GM ✅（GMAX0505、25 MP）,規格已查核；價格未取得,4,0.8,2.0,"【估算】未查到公開價；唯一參考：相近型號 Hikrobot MV-CH250-90TC 轉售約 1,088 美元 🟡"
視覺,1.1 吋以上像圈、25 MP 級 C 口鏡頭,Hikrobot MVL-KF2524M-25MP ✅（25 mm／1.2 吋／F2.4，WD 約 1.1 m）；Kowa LM35XC 🟡（35 mm／4/3 吋，WD 約 1.57 m）,規格已查核；價格未取得,4,0.2,0.6,【估算】未查到公開價
視覺,桌面背光燈箱（約 2.2 m × 0.6 m，可超驅動頻閃）,"客製：OPT 奧普特非標光源（可做 2,000 mm 長度）🟡；或多片背光拼接",無 ≥2 m 單片現成品,1,1.5,4.0,【估算】未查到公開價
視覺,正面低角度條形光（約 2.2 m）,"Metaphase 條形光（可到 3 m 以上、最高 8 倍超驅動）🟡；OPT 2,000 mm 客製 🟡",規格部分查核；價格未取得,2,0.4,1.0,【估算】未查到公開價
視覺,頻閃控制器（多通道、超驅動）,Gardasoft RT820（8 通道）或 RT220（2 通道）✅,規格已查核,1,0.4,1.2,Gardasoft 控制器起價 452 美元 🟡；其餘【估算】
視覺,GPU 工控機,Neousys Nuvo-10208GC ✅（可裝 RTX 顯卡）；研華已發布 RTX 4060 停產公告 🟡,規格已查核；價格未取得,1,2.0,5.0,【估算】未查到公開價
視覺,4 埠 PoE 相機介面卡,Basler 5GigE 4 埠 PoE+ ✅ / ADLINK PCIe-GIE74P ✅,規格已查核,1,0.2,0.6,Basler 4 埠 GigE 卡約 186 美元（低可信）🟡；其餘【估算】
視覺,掃碼器（每片一碼）,未查核,未查核,1,0.1,0.3,【估算】
視覺,大型標定板（網格）,未查核,未查核,1,0.2,0.8,【估算】
視覺,影像儲存（NAS）,未查核,未查核,1,0.5,1.5,【估算】
機電,桌架、滾筒、擴散板桌面、暗箱（非標加工）,昆山非標加工,未查核,1,3.0,6.0,【估算】
機電,雙夾桿（約 2.2 m，氣動軟夾）與氣動元件,非標,未查核,1,0.8,2.0,【估算】
機電,伺服 400–750 W＋3 m 同步帶模組,匯川 SV660＋MS1H 🟡 / 台達 ASDA-B3 🟡 / 禾川 X3E 🟡；成都福譽 FBL60（行程 ≤3.9 m）🟡,規格部分查核；模組價格需詢價,1,0.8,2.0,匯川 750 W 套裝電商價約 800–914 元 🟡（偏低、待確認）；其餘【估算】
機電,PLC,匯川 H5U-1614MTD-A8 🟡 / 西門子 S7-1200 CPU 1214C 🟡,價格部分查核,1,0.35,0.45,"H5U 零售約 3,360–4,340 元 🟡；1214C 市場價約 3,996 元 🟡"
機電,安全光柵（Type 4，1.5 m）,SICK deTec4 C4C-PA15030A10000 🟡 / 國產戴迪斯科 DQT4 🟡,價格部分查核,1,0.3,2.9,"SICK 1,500 mm 成對 3,965 美元（美國經銷定價）🟡；國產「數千至數萬元」🟡"
機電,感測器、配線、電控櫃,未查核,未查核,1,0.5,1.5,【估算】
